amfi_code,cagr_1yr,cagr_3yr,cagr_5yr,sharpe,sortino,alpha,beta,max_drawdown,expense_ratio_pct,score
100016,-0.02224270997710287,0.01292649342495622,,-0.321119188676436,-0.2807962489476091,0.03747580763443281,-0.058268431438808936,-0.24734440880673303,1.55,21.125
100025,0.03704968580461343,0.039163899571040384,,-1.0402650746046795,-0.9112789921440793,0.042817920315060876,0.0011582183155281435,-0.04308263824636349,0.56,24.25
100033,0.5323239623092084,0.32442459421956116,,0.8085194012683689,0.7109913818556608,0.2719535450128533,0.0051035258305283,-0.16217208574644848,1.38,79.875
101206,0.4792412023860102,0.2896769452874166,,0.7176323139698289,0.6407745954877864,0.21399784776051212,0.021086316250128034,-0.11291596329323073,1.6,61.18750000000001
101207,-0.23986031710270628,-0.04152381044854481,,0.052634515662703364,0.04542379414863479,0.10897091901704538,-0.06528924788351524,-0.3544691649336603,1.53,30.8125
101208,0.0723664530138024,0.06315784491375509,,-4.651848302736834,-5.6487710832538305,0.060861457957871144,0.00026670968338238357,-0.0016224980244717857,0.79,23.5
102885,0.20207703983094838,0.1966726206830185,,0.5199589495988634,0.4587646828677566,0.17048756803412696,-0.019486785689474536,-0.1085986215250232,1.57,47.625
102886,-0.16797480944407306,-0.007674063178547241,,-0.29498070706743107,-0.24676101852262106,0.02896939786637944,-0.0421250290218943,-0.2800112356639287,1.51,22.812500000000004
102887,0.135831349444816,0.25556187904126526,,0.384757065972279,0.3433872967140033,0.16211256794033255,0.016682689437770806,-0.21539827112383225,1.64,50.31249999999999
118632,0.339810484550213,0.22652359830098634,,0.7590872493026583,0.6671818769680988,0.21829397904608644,-0.008353832126962014,-0.17414075086657232,1.51,67.18750000000001
118633,0.25539980483954094,0.2108997654925684,,0.38894988221976134,0.3505680112247666,0.15643835948169668,-0.03663900671860934,-0.18629743138595511,0.72,60.68750000000001
118634,0.15811221971300937,0.08007927728656083,,0.2924342528033933,0.2509552684471041,0.1750072167561127,0.10349663691337589,-0.2334488614483311,1.53,45.3125
118635,0.22493224932249345,0.20008208380471482,,0.39331059012841574,0.34762141665701646,0.1513635464823924,-0.0014335213897801215,-0.1165062450540909,0.89,52.5
118636,0.10454939683040276,0.040622050237771434,,-0.8508437476383091,-0.754872650218469,0.05074772999976104,0.0012566742731558499,-0.08316361763638702,0.55,27.999999999999996
119092,0.016091186722522632,0.005258871209757432,,-0.13104994990487043,-0.11266006788952276,0.0689952982167755,0.009730745001153611,-0.1440161790933726,1.64,19.8125
119093,0.197667410165155,0.20816771175535864,,-0.04708790996498518,-0.040267345984460017,0.08232801295222093,0.02588321244009315,-0.21751396370148224,0.75,52.87500000000001
119094,0.22261065131342206,0.35111802096428524,,0.7307741811176525,0.6577961656909119,0.2607666908004223,-0.06626542862803757,-0.20960883862039192,1.38,81.37500000000001
119095,-0.427976145588544,-0.11705806723995271,,-0.15170536738291207,-0.12939978299148136,0.048015953637759554,-0.06695117463929201,-0.5167775370852656,1.38,26.5
119120,0.055219955107626895,0.05840358798463097,,-0.7433299453192601,-0.6557704410964613,0.05620895216638369,-0.006413850728276474,-0.04328728923970093,0.77,26.625
119551,0.6043734071403091,0.3045652442030289,,0.8612453347404889,0.7644794260243586,0.23201007160635082,-0.03175144113890974,-0.1501238549864533,1.54,71.81250000000001
119552,0.05706100044974027,0.16267372294624916,,0.6484432595603181,0.5732527730892751,0.1986859936686296,-0.026159307513513412,-0.11803493502764295,0.66,59.375000000000014
119598,0.8277605861507404,0.2666992200118774,,0.7119117121875639,0.6313318917560284,0.3033696538698332,-0.02319606204405971,-0.2870600572176455,1.43,75.12500000000001
119599,0.1394780335518997,-0.01337386614488112,,-0.13622050190445142,-0.11501178240919588,0.048824215945539845,0.062001804382671666,-0.5257422117012851,0.72,33.6875
120503,0.08489081269294418,0.13978381933703043,,0.5167111854082949,0.4546196293776379,0.17703302365844073,-0.040268952369820595,-0.13897862823061635,1.42,49.75
120504,0.13064279264417977,0.3248742855621496,,0.7149047328366368,0.6230310566576106,0.2119482701352573,0.016232169761417007,-0.12588275606922517,0.8,74.49999999999999
120505,0.29604659337893646,0.317775371512347,,0.8835305618597259,0.7877285954099509,0.2926358334175106,0.000549004250631735,-0.18188513572116294,1.36,84.5
120506,0.4181904829701364,0.1842199653744454,,0.4047414286757048,0.35342087550444895,0.1625385327998104,0.041896462728119754,-0.1982565826298267,1.41,54.37499999999999
120507,0.0742505077613469,0.07394286300360076,,-3.65132012260491,-4.701634144417268,0.06746210411099539,-0.00044409263297072297,-0.0009773140045925555,0.74,28.249999999999996
120841,0.16837098075385626,0.1726727508371786,,0.25519682654471876,0.2219453815612263,0.13042924450705445,0.036356399022199795,-0.1757361416468729,1.59,40.5
120842,0.2250195657587366,0.07756003551327284,,-0.05818491781580165,-0.04853611391922315,0.0780443887615508,0.018056874208118173,-0.24003511326274884,1.56,33.875
120843,0.26657081760850154,0.2958277033726251,,0.9658612153782937,0.879200710817301,0.27330465038306057,-0.022829569792426528,-0.1297396816518679,1.45,77.62500000000001
120844,0.07120323042122512,0.06695971624586994,,-4.001594214078875,-5.186019468357382,0.06455677495375998,-0.0004007442394784006,-0.0011629327956168556,0.6,28.125000000000007
125497,0.2867535802656873,0.18434488610520172,,0.5064305663127477,0.4454198818840573,0.17729754927531766,0.04882040425957738,-0.15200013055606398,0.92,57.375
125498,0.15443720834451846,0.11245222866621418,,0.1348398014795069,0.11461304618000363,0.11989100971217971,0.009054412621739182,-0.21117279560132118,0.78,46.375
148567,0.20360678307711866,0.3400091602163293,,1.068556348275243,0.9241385060425817,0.2698375144191807,0.023683558075848637,-0.11265729075028275,1.46,79.375
148568,0.14269394138778924,0.14748035533586012,,0.6408725255448746,0.5650079333924223,0.20873010086942337,-0.02638771994384303,-0.1527259422823477,1.52,52.062500000000014
148569,0.3975176148971702,0.2917890157839378,,0.9193326201674713,0.8297463428472586,0.2827036785246582,0.018133884083859228,-0.1639674294693263,1.6,73.31250000000001
149322,0.1811115252275146,0.18044206486636138,,0.23973797115762305,0.20544899363615846,0.13173190226099432,-0.0040502711300065145,-0.14844576917771746,1.54,40.81250000000001
149323,0.21481222193726257,0.268699908289022,,0.8331444918410603,0.716859064820366,0.26598577542043045,-0.00252300466469923,-0.17248105753451382,1.61,66.875
149324,0.6513871892998797,0.27000426614519246,,0.7146440460582301,0.6294818566236063,0.3005787817097677,0.011455159960520699,-0.31171900300634214,1.52,74.93749999999999
